idx,status,elapsed_ms,error
0,200,99.039,
1,200,486.341,
2,200,291.946,
3,200,65.034,
4,200,144.927,
5,200,213.866,
6,200,387.219,
7,200,360.209,
8,200,413.239,
9,200,458.128,
10,200,498.386,
11,200,510.957,
12,200,574.089,
13,200,526.37,
14,200,544.83,
15,200,586.118,
16,200,603.907,
17,200,618.76,
18,200,635.515,
19,200,657.507,
20,200,676.443,
21,200,694.544,
22,200,714.133,
23,200,751.092,
24,200,725.01,
25,200,787.31,
26,200,806.09,
27,200,757.387,
28,200,1013.006,
29,200,824.85,
30,200,845.287,
31,200,897.001,
32,200,929.249,
33,200,862.362,
34,200,951.362,
35,200,972.922,
36,200,1074.96,
37,200,1003.324,
38,200,1021.596,
39,200,1052.851,
40,200,1035.425,
41,200,1099.324,
42,200,1081.506,
43,200,1152.741,
44,200,1130.796,
45,200,1109.985,
46,200,1159.515,
47,200,1184.697,
48,200,1156.986,
49,200,1194.183,
50,200,1174.952,
51,200,1220.692,
52,200,1202.755,
53,200,1416.613,
54,200,1250.777,
55,200,1278.349,
56,200,1392.439,
57,200,1225.107,
58,200,1326.476,
59,200,1418.3,
60,200,1288.871,
61,200,1253.095,
62,200,1337.788,
63,200,1619.732,
64,200,1513.553,
65,200,1296.455,
66,200,1453.108,
67,200,1344.864,
68,200,1356.164,
69,200,1465.42,
70,200,1684.919,
71,200,1491.451,
72,200,1415.135,
73,200,1474.386,
74,200,1514.566,
75,200,1554.519,
76,200,1568.057,
77,200,1421.494,
78,200,1629.393,
79,200,1518.403,
80,200,1575.201,
81,200,1680.873,
82,200,1648.709,
83,200,1696.739,
84,200,1633.483,
85,200,1600.513,
86,200,1523.065,
87,200,1738.767,
88,200,1707.351,
89,200,1747.356,
90,200,1771.145,
91,200,1751.924,
92,200,1820.438,
93,200,1791.081,
94,200,1872.698,
95,200,1702.787,
96,200,1840.376,
97,200,1798.396,
98,200,1768.411,
99,200,1822.602,
100,200,1938.06,
101,200,1901.033,
102,200,1832.416,
103,200,1857.202,
104,200,1900.85,
105,200,1866.186,
106,200,1920.454,
107,200,2074.998,
108,200,1928.807,
109,200,1941.125,
110,200,1955.269,
111,200,1966.713,
112,200,1979.255,
113,200,2006.885,
114,200,1991.327,
115,200,2019.582,
116,200,2029.245,
117,200,2041.734,
118,200,2065.342,
119,200,2078.098,
120,200,2128.15,
121,200,2094.16,
122,200,2112.029,
123,200,2140.711,
124,200,2153.403,
125,200,2168.762,
126,200,2189.279,
127,200,2206.541,
128,200,2220.648,
129,200,2238.38,
130,200,2254.87,
131,200,2270.421,
132,200,2281.003,
133,200,2290.037,
134,200,2302.29,
135,200,2314.57,
136,200,2327.751,
137,200,2345.908,
138,200,2356.347,
139,200,2370.116,
140,200,2384.253,
141,200,2395.556,
142,200,2435.275,
143,200,2413.762,
144,200,2444.212,
145,200,2460.368,
146,200,2472.288,
147,200,2488.747,
148,200,2505.696,
149,200,2519.403,
150,200,2536.745,
151,200,2553.038,
152,200,2569.247,
153,200,2581.493,
154,200,2593.037,
155,200,2605.86,
156,200,2617.802,
157,200,2634.462,
158,200,2648.651,
159,200,2662.811,
160,200,2677.878,
161,200,2690.676,
162,200,2717.706,
163,200,2702.114,
164,200,2731.942,
165,200,2747.809,
166,200,2811.586,
167,200,2756.508,
168,200,2772.014,
169,200,2787.462,
170,200,2823.402,
171,200,2805.206,
172,200,2833.887,
173,200,2848.457,
174,200,2879.613,
175,200,2862.547,
176,200,2892.597,
177,200,2907.25,
178,200,2922.393,
179,200,2933.34,
180,200,2944.403,
181,200,2968.839,
182,200,2952.354,
183,200,2980.197,
184,200,2992.754,
185,200,3008.309,
186,200,3027.356,
187,200,3046.196,
188,200,3060.133,
189,200,3075.543,
190,200,3090.086,
191,200,3108.536,
192,200,3123.272,
193,200,3137.042,
194,200,3153.169,
195,200,3168.194,
196,200,3183.629,
197,200,3215.543,
198,200,3195.946,
199,200,3233.227,
200,200,3250.409,
201,200,3272.238,
202,200,3291.62,
203,200,3308.665,
204,200,3323.822,
205,200,3338.112,
206,200,3351.35,
207,200,3363.071,
208,200,3376.123,
209,200,3390.428,
210,200,3467.457,
211,200,3404.298,
212,200,3424.108,
213,200,3482.127,
214,200,3497.455,
215,200,3513.125,
216,200,3546.549,
217,200,3560.57,
218,200,3528.719,
219,200,3574.073,
220,200,3590.179,
221,200,3614.196,
222,200,3655.058,
223,200,3677.232,
224,200,3632.692,
225,200,3698.343,
226,200,3718.274,
227,200,3737.036,
228,200,3756.789,
229,200,3773.666,
230,200,3792.775,
231,200,3813.701,
232,200,3830.469,
233,200,3862.3,
234,200,3877.647,
235,200,3891.847,
236,200,4037.71,
237,200,3905.149,
238,200,3920.056,
239,200,3934.942,
240,200,3952.384,
241,200,3965.085,
242,200,4060.987,
243,200,3978.154,
244,200,3993.439,
245,200,4007.485,
246,200,4040.156,
247,200,4070.837,
248,200,4099.905,
249,200,4083.346,
250,200,4111.425,
251,200,4126.576,
252,200,4142.744,
253,200,4156.895,
254,200,4383.163,
255,200,4172.302,
256,200,4185.782,
257,200,4198.695,
258,200,4211.715,
259,200,4227.219,
260,200,4244.725,
261,200,4275.007,
262,200,4256.79,
263,200,4343.737,
264,200,4285.059,
265,200,4300.601,
266,200,4317.69,
267,200,4381.059,
268,200,4392.641,
269,200,4404.901,
270,200,4417.127,
271,200,4431.231,
272,200,4444.976,
273,200,4458.367,
274,200,4470.365,
275,200,4508.007,
276,200,4486.56,
277,200,4535.389,
278,200,4520.045,
279,200,4547.292,
280,200,4559.973,
281,200,4572.457,
282,200,4599.091,
283,200,4584.456,
284,200,4610.205,
285,200,4626.313,
286,200,4640.966,
287,200,4653.434,
288,200,4665.713,
289,200,4678.174,
290,200,4691.62,
291,200,4706.771,
292,200,4722.614,
293,200,4930.05,
294,200,4738.527,
295,200,4753.735,
296,200,4785.176,
297,200,4769.26,
298,200,4798.619,
299,200,4813.059,
300,200,4826.421,
301,200,4840.118,
302,200,4857.429,
303,200,4899.942,
304,200,4869.005,
305,200,4884.006,
306,200,4923.68,
307,200,4936.145,
308,200,4948.193,
309,200,4961.702,
310,200,4975.821,
311,200,4992.15,
312,200,5010.585,
313,200,5027.678,
314,200,5042.976,
315,200,5057.791,
316,200,5082.721,
317,200,5068.687,
318,200,5093.407,
319,200,5107.693,
320,200,5119.406,
321,200,5132.548,
322,200,5150.538,
323,200,5167.025,
324,200,5180.868,
325,200,5197.976,
326,200,5212.889,
327,200,5230.394,
328,200,5246.873,
329,200,5263.097,
330,200,5294.793,
331,200,5275.107,
332,200,5307.244,
333,200,5320.684,
334,200,5338.507,
335,200,5358.084,
336,200,5377.633,
337,200,5394.979,
338,200,5428.902,
339,200,5408.804,
340,200,5443.887,
341,200,5476.185,
342,200,5490.671,
343,200,5457.323,
344,200,5504.3,
345,200,5518.756,
346,200,5532.138,
347,200,5565.298,
348,200,5545.26,
349,200,5579.925,
350,200,5595.864,
351,200,5626.872,
352,200,5608.329,
353,200,5640.672,
354,200,5655.498,
355,200,5667.92,
356,200,5682.663,
357,200,5694.811,
358,200,5710.214,
359,200,5725.06,
360,200,5739.212,
361,200,5754.325,
362,200,5784.922,
363,200,5769.41,
364,200,5799.381,
365,200,5814.165,
366,200,5846.387,
367,200,5877.672,
368,200,5860.222,
369,200,5890.186,
370,200,5904.933,
371,200,5920.391,
372,200,5962.641,
373,200,5936.595,
374,200,5995.748,
375,200,5977.345,
376,200,6009.209,
377,200,6022.457,
378,200,6036.945,
379,200,6051.841,
380,200,6068.545,
381,200,6098.138,
382,200,6083.468,
383,200,6113.237,
384,200,6128.949,
385,200,6143.007,
386,200,6157.083,
387,200,6171.687,
388,200,6185.004,
389,200,6197.441,
390,200,6223.814,
391,200,6209.293,
392,200,6235.31,
393,200,6247.92,
394,200,6291.831,
395,200,6276.719,
396,200,6260.318,
397,200,6315.578,
398,200,6299.261,
399,200,6339.118,
400,200,6323.475,
401,200,6349.913,
402,200,6376.295,
403,200,6361.475,
404,200,6387.375,
405,200,6398.391,
406,200,6410.006,
407,200,6421.12,
408,200,6433.366,
409,200,6448.243,
410,200,6459.077,
411,200,6488.475,
412,200,6472.9,
413,200,6513.982,
414,200,6498.964,
415,200,6525.1,
416,200,6537.576,
417,200,6549.51,
418,200,6560.473,
419,200,6573.289,
420,200,6586.367,
421,200,6599.108,
422,200,6612.943,
423,200,6628.262,
424,200,6646.297,
425,200,6670.601,
426,200,6686.538,
427,200,6700.461,
428,200,6712.12,
429,200,6764.713,
430,200,6724.9,
431,200,6780.009,
432,200,6739.659,
433,200,6793.416,
434,200,6807.647,
435,200,6821.903,
436,200,6836.058,
437,200,6851.538,
438,200,6865.86,
439,200,6880.968,
440,200,6895.539,
441,200,6906.354,
442,200,6943.179,
443,200,6916.481,
444,200,6959.149,
445,200,6975.71,
446,200,6992.232,
447,200,7025.654,
448,200,7007.033,
449,200,7043.301,
450,200,7054.997,
451,200,7066.391,
452,200,7078.935,
453,200,7087.848,
454,200,7103.418,
455,200,7114.994,
456,200,7140.848,
457,200,7124.95,
458,200,7153.246,
459,200,7169.937,
460,200,7183.164,
461,200,7192.937,
462,200,7204.703,
463,200,7217.567,
464,200,7228.187,
465,200,7237.901,
466,200,7250.304,
467,200,7263.625,
468,200,7273.523,
469,200,7285.205,
470,200,7295.704,
471,200,7308.368,
472,200,7338.123,
473,200,7318.313,
474,200,7345.47,
475,200,7364.413,
476,200,7348.881,
477,200,7374.937,
478,200,7387.071,
479,200,7396.129,
480,200,7536.074,
481,200,7406.33,
482,200,7418.121,
483,200,7428.475,
484,200,7439.731,
485,200,7450.604,
486,200,7459.593,
487,200,7469.31,
488,200,7498.937,
489,200,7479.514,
490,200,7521.339,
491,200,7532.34,
492,200,7544.469,
493,200,7556.736,
494,200,7581.648,
495,200,7565.552,
496,200,7629.571,
497,200,7584.823,
498,200,7596.186,
499,200,7607.555,
